,user_name,repo_name,repo_link
0,OneBitCodeBlog,aulao_de_react,https://github.com/OneBitCodeBlog/aulao_de_react
1,OneBitCodeBlog,awesome_bucket,https://github.com/OneBitCodeBlog/awesome_bucket
2,OneBitCodeBlog,awesome_bucket_capistrano,https://github.com/OneBitCodeBlog/awesome_bucket_capistrano
3,OneBitCodeBlog,black-challenge-4-inventory-api,https://github.com/OneBitCodeBlog/black-challenge-4-inventory-api
4,OneBitCodeBlog,black-challenge-4-inventory-api-1,https://github.com/OneBitCodeBlog/black-challenge-4-inventory-api-1
5,OneBitCodeBlog,black-personal-finances-miniapp,https://github.com/OneBitCodeBlog/black-personal-finances-miniapp
6,OneBitCodeBlog,black-websocket-backend,https://github.com/OneBitCodeBlog/black-websocket-backend
7,OneBitCodeBlog,black-websocket-frontend,https://github.com/OneBitCodeBlog/black-websocket-frontend
8,OneBitCodeBlog,black-websocket-intro,https://github.com/OneBitCodeBlog/black-websocket-intro
9,OneBitCodeBlog,buy_movies_credentials,https://github.com/OneBitCodeBlog/buy_movies_credentials
10,OneBitCodeBlog,calculadora_de_gorjetas,https://github.com/OneBitCodeBlog/calculadora_de_gorjetas
11,OneBitCodeBlog,crud-react-rails-todo-list,https://github.com/OneBitCodeBlog/crud-react-rails-todo-list
12,OneBitCodeBlog,e-commece-Api-Prod,https://github.com/OneBitCodeBlog/e-commece-Api-Prod
13,OneBitCodeBlog,e-commerce-Api-Dev,https://github.com/OneBitCodeBlog/e-commerce-Api-Dev
14,OneBitCodeBlog,e-commerce-frontend-Dev,https://github.com/OneBitCodeBlog/e-commerce-frontend-Dev
15,OneBitCodeBlog,e-commerce-frontend-v2,https://github.com/OneBitCodeBlog/e-commerce-frontend-v2
16,OneBitCodeBlog,e-commerce-mobile,https://github.com/OneBitCodeBlog/e-commerce-mobile
17,OneBitCodeBlog,e-commerce-mobile-Dev,https://github.com/OneBitCodeBlog/e-commerce-mobile-Dev
18,OneBitCodeBlog,find-my-coffee-mobile-prod,https://github.com/OneBitCodeBlog/find-my-coffee-mobile-prod
19,OneBitCodeBlog,find-my-coffee-prod,https://github.com/OneBitCodeBlog/find-my-coffee-prod
20,OneBitCodeBlog,find-my-coffee-web-prod,https://github.com/OneBitCodeBlog/find-my-coffee-web-prod
21,OneBitCodeBlog,GitHubAutenticationRails,https://github.com/OneBitCodeBlog/GitHubAutenticationRails
22,OneBitCodeBlog,graphqlapp,https://github.com/OneBitCodeBlog/graphqlapp
23,OneBitCodeBlog,incentivoFlowIA,https://github.com/OneBitCodeBlog/incentivoFlowIA
24,OneBitCodeBlog,jobs-api-black,https://github.com/OneBitCodeBlog/jobs-api-black
25,OneBitCodeBlog,movie_rental,https://github.com/OneBitCodeBlog/movie_rental
26,OneBitCodeBlog,onebitbooks,https://github.com/OneBitCodeBlog/onebitbooks
27,OneBitCodeBlog,onebitflix,https://github.com/OneBitCodeBlog/onebitflix
28,OneBitCodeBlog,onebitflix_backend,https://github.com/OneBitCodeBlog/onebitflix_backend
29,OneBitCodeBlog,onebitflix_frontend,https://github.com/OneBitCodeBlog/onebitflix_frontend
30,OneBitCodeBlog,onebitfoodV2-api,https://github.com/OneBitCodeBlog/onebitfoodV2-api
31,OneBitCodeBlog,onebitfoodV2-nextjs,https://github.com/OneBitCodeBlog/onebitfoodV2-nextjs
32,OneBitCodeBlog,onebitlife,https://github.com/OneBitCodeBlog/onebitlife
33,OneBitCodeBlog,OneBitMessage,https://github.com/OneBitCodeBlog/OneBitMessage
34,OneBitCodeBlog,onebitmessenger,https://github.com/OneBitCodeBlog/onebitmessenger
35,OneBitCodeBlog,onebitshop-marketplace-front,https://github.com/OneBitCodeBlog/onebitshop-marketplace-front
36,OneBitCodeBlog,product_python,https://github.com/OneBitCodeBlog/product_python
37,OneBitCodeBlog,programador-homeoffice-api,https://github.com/OneBitCodeBlog/programador-homeoffice-api
38,OneBitCodeBlog,programador-homeoffice-frontend,https://github.com/OneBitCodeBlog/programador-homeoffice-frontend
39,OneBitCodeBlog,programmer_hub,https://github.com/OneBitCodeBlog/programmer_hub
40,OneBitCodeBlog,reactnative-marketplace,https://github.com/OneBitCodeBlog/reactnative-marketplace
41,OneBitCodeBlog,recoil-react,https://github.com/OneBitCodeBlog/recoil-react
42,OneBitCodeBlog,rent_cars,https://github.com/OneBitCodeBlog/rent_cars
43,OneBitCodeBlog,restaurant-reviews-api,https://github.com/OneBitCodeBlog/restaurant-reviews-api
44,OneBitCodeBlog,ruby_twitter,https://github.com/OneBitCodeBlog/ruby_twitter
45,OneBitCodeBlog,simulaTRIX,https://github.com/OneBitCodeBlog/simulaTRIX
46,OneBitCodeBlog,smartphone_store,https://github.com/OneBitCodeBlog/smartphone_store
47,OneBitCodeBlog,spotcode,https://github.com/OneBitCodeBlog/spotcode
48,OneBitCodeBlog,SpotcodeV2,https://github.com/OneBitCodeBlog/SpotcodeV2
49,OneBitCodeBlog,toms-jazz-school,https://github.com/OneBitCodeBlog/toms-jazz-school
50,OneBitCodeBlog,Web-Scraping-Target,https://github.com/OneBitCodeBlog/Web-Scraping-Target
51,OneBitCodeBlog,yt-astro-tailwind-page,https://github.com/OneBitCodeBlog/yt-astro-tailwind-page
52,OneBitCodeBlog,yt-bookings-api,https://github.com/OneBitCodeBlog/yt-bookings-api
53,OneBitCodeBlog,yt-css-position,https://github.com/OneBitCodeBlog/yt-css-position
54,OneBitCodeBlog,yt-intersection-api,https://github.com/OneBitCodeBlog/yt-intersection-api
55,OneBitCodeBlog,yt-next13-newsletter,https://github.com/OneBitCodeBlog/yt-next13-newsletter
